<annotation>
	<folder>images</folder>
	<filename>N104.jpeg</filename>
	<path>/Users/asik/Desktop/ANPR/N104.jpeg</path>
	<source>
		<database>Unknown</database>
	</source>
	<size>
		<width>377</width>
		<height>244</height>
		<depth>3</depth>
	</size>
	<segmented>0</segmented>
	<object>
		<name>number_plate</name>
		<pose>Unspecified</pose>
		<truncated>0</truncated>
		<difficult>0</difficult>
		<bndbox>
			<xmin>66</xmin>
			<ymin>166</ymin>
			<xmax>154</xmax>
			<ymax>197</ymax>
		</bndbox>
	</object>
</annotation>
