<annotation>
	<folder>images</folder>
	<filename>N106.jpeg</filename>
	<path>/Users/asik/Desktop/ANPR/N106.jpeg</path>
	<source>
		<database>Unknown</database>
	</source>
	<size>
		<width>610</width>
		<height>485</height>
		<depth>3</depth>
	</size>
	<segmented>0</segmented>
	<object>
		<name>number_plate</name>
		<pose>Unspecified</pose>
		<truncated>0</truncated>
		<difficult>0</difficult>
		<bndbox>
			<xmin>137</xmin>
			<ymin>249</ymin>
			<xmax>262</xmax>
			<ymax>290</ymax>
		</bndbox>
	</object>
</annotation>
