<annotation>
	<folder>images</folder>
	<filename>N107.jpeg</filename>
	<path>/Users/asik/Desktop/ANPR/N107.jpeg</path>
	<source>
		<database>Unknown</database>
	</source>
	<size>
		<width>441</width>
		<height>363</height>
		<depth>3</depth>
	</size>
	<segmented>0</segmented>
	<object>
		<name>number_plate</name>
		<pose>Unspecified</pose>
		<truncated>0</truncated>
		<difficult>0</difficult>
		<bndbox>
			<xmin>207</xmin>
			<ymin>174</ymin>
			<xmax>356</xmax>
			<ymax>287</ymax>
		</bndbox>
	</object>
</annotation>
