<annotation>
	<folder>images</folder>
	<filename>N108.jpeg</filename>
	<path>/Users/asik/Desktop/ANPR/N108.jpeg</path>
	<source>
		<database>Unknown</database>
	</source>
	<size>
		<width>484</width>
		<height>456</height>
		<depth>3</depth>
	</size>
	<segmented>0</segmented>
	<object>
		<name>number_plate</name>
		<pose>Unspecified</pose>
		<truncated>0</truncated>
		<difficult>0</difficult>
		<bndbox>
			<xmin>184</xmin>
			<ymin>220</ymin>
			<xmax>342</xmax>
			<ymax>257</ymax>
		</bndbox>
	</object>
</annotation>
