<annotation>
	<folder>images</folder>
	<filename>N111.jpeg</filename>
	<path>/Users/asik/Desktop/ANPR/N111.jpeg</path>
	<source>
		<database>Unknown</database>
	</source>
	<size>
		<width>730</width>
		<height>563</height>
		<depth>3</depth>
	</size>
	<segmented>0</segmented>
	<object>
		<name>number_plate</name>
		<pose>Unspecified</pose>
		<truncated>0</truncated>
		<difficult>0</difficult>
		<bndbox>
			<xmin>80</xmin>
			<ymin>364</ymin>
			<xmax>239</xmax>
			<ymax>402</ymax>
		</bndbox>
	</object>
</annotation>
