<annotation>
	<folder>images</folder>
	<filename>N113.jpeg</filename>
	<path>/Users/asik/Desktop/ANPR/N113.jpeg</path>
	<source>
		<database>Unknown</database>
	</source>
	<size>
		<width>400</width>
		<height>300</height>
		<depth>3</depth>
	</size>
	<segmented>0</segmented>
	<object>
		<name>number_plate</name>
		<pose>Unspecified</pose>
		<truncated>0</truncated>
		<difficult>0</difficult>
		<bndbox>
			<xmin>39</xmin>
			<ymin>129</ymin>
			<xmax>108</xmax>
			<ymax>157</ymax>
		</bndbox>
	</object>
</annotation>
