<annotation>
	<folder>images</folder>
	<filename>N114.jpeg</filename>
	<path>/Users/asik/Desktop/ANPR/N114.jpeg</path>
	<source>
		<database>Unknown</database>
	</source>
	<size>
		<width>250</width>
		<height>166</height>
		<depth>3</depth>
	</size>
	<segmented>0</segmented>
	<object>
		<name>number_plate</name>
		<pose>Unspecified</pose>
		<truncated>0</truncated>
		<difficult>0</difficult>
		<bndbox>
			<xmin>15</xmin>
			<ymin>33</ymin>
			<xmax>200</xmax>
			<ymax>126</ymax>
		</bndbox>
	</object>
</annotation>
