<annotation>
	<folder>images</folder>
	<filename>N12.jpeg</filename>
	<path>/Users/asik/Desktop/ANPR/N12.jpeg</path>
	<source>
		<database>Unknown</database>
	</source>
	<size>
		<width>1920</width>
		<height>1080</height>
		<depth>3</depth>
	</size>
	<segmented>0</segmented>
	<object>
		<name>num_plate</name>
		<pose>Unspecified</pose>
		<truncated>0</truncated>
		<difficult>0</difficult>
		<bndbox>
			<xmin>976</xmin>
			<ymin>669</ymin>
			<xmax>1284</xmax>
			<ymax>754</ymax>
		</bndbox>
	</object>
</annotation>
