<annotation>
	<folder>images</folder>
	<filename>N124.jpeg</filename>
	<path>/Users/asik/Desktop/ANPR/N124.jpeg</path>
	<source>
		<database>Unknown</database>
	</source>
	<size>
		<width>531</width>
		<height>512</height>
		<depth>3</depth>
	</size>
	<segmented>0</segmented>
	<object>
		<name>number_plate</name>
		<pose>Unspecified</pose>
		<truncated>0</truncated>
		<difficult>0</difficult>
		<bndbox>
			<xmin>165</xmin>
			<ymin>276</ymin>
			<xmax>328</xmax>
			<ymax>324</ymax>
		</bndbox>
	</object>
</annotation>
