<annotation>
	<folder>images</folder>
	<filename>N132.jpeg</filename>
	<path>/Users/asik/Desktop/ANPR/N132.jpeg</path>
	<source>
		<database>Unknown</database>
	</source>
	<size>
		<width>503</width>
		<height>439</height>
		<depth>3</depth>
	</size>
	<segmented>0</segmented>
	<object>
		<name>number_plate</name>
		<pose>Unspecified</pose>
		<truncated>0</truncated>
		<difficult>0</difficult>
		<bndbox>
			<xmin>111</xmin>
			<ymin>133</ymin>
			<xmax>320</xmax>
			<ymax>286</ymax>
		</bndbox>
	</object>
</annotation>
