<annotation>
	<folder>images</folder>
	<filename>N133.jpeg</filename>
	<path>/Users/asik/Desktop/ANPR/N133.jpeg</path>
	<source>
		<database>Unknown</database>
	</source>
	<size>
		<width>2432</width>
		<height>1368</height>
		<depth>3</depth>
	</size>
	<segmented>0</segmented>
	<object>
		<name>number_plate</name>
		<pose>Unspecified</pose>
		<truncated>0</truncated>
		<difficult>0</difficult>
		<bndbox>
			<xmin>795</xmin>
			<ymin>751</ymin>
			<xmax>1095</xmax>
			<ymax>840</ymax>
		</bndbox>
	</object>
</annotation>
