<annotation>
	<folder>images</folder>
	<filename>N137.jpeg</filename>
	<path>/Users/asik/Desktop/ANPR/N137.jpeg</path>
	<source>
		<database>Unknown</database>
	</source>
	<size>
		<width>1024</width>
		<height>685</height>
		<depth>3</depth>
	</size>
	<segmented>0</segmented>
	<object>
		<name>number_plate</name>
		<pose>Unspecified</pose>
		<truncated>0</truncated>
		<difficult>0</difficult>
		<bndbox>
			<xmin>401</xmin>
			<ymin>456</ymin>
			<xmax>593</xmax>
			<ymax>493</ymax>
		</bndbox>
	</object>
</annotation>
