<annotation>
	<folder>images</folder>
	<filename>N144.jpeg</filename>
	<path>/Users/asik/Desktop/ANPR/N144.jpeg</path>
	<source>
		<database>Unknown</database>
	</source>
	<size>
		<width>333</width>
		<height>500</height>
		<depth>3</depth>
	</size>
	<segmented>0</segmented>
	<object>
		<name>number_plate</name>
		<pose>Unspecified</pose>
		<truncated>0</truncated>
		<difficult>0</difficult>
		<bndbox>
			<xmin>39</xmin>
			<ymin>201</ymin>
			<xmax>177</xmax>
			<ymax>275</ymax>
		</bndbox>
	</object>
</annotation>
