<annotation>
	<folder>images</folder>
	<filename>N164.jpeg</filename>
	<path>/Users/asik/Desktop/ANPR/N164.jpeg</path>
	<source>
		<database>Unknown</database>
	</source>
	<size>
		<width>500</width>
		<height>268</height>
		<depth>3</depth>
	</size>
	<segmented>0</segmented>
	<object>
		<name>number_plate</name>
		<pose>Unspecified</pose>
		<truncated>0</truncated>
		<difficult>0</difficult>
		<bndbox>
			<xmin>248</xmin>
			<ymin>121</ymin>
			<xmax>421</xmax>
			<ymax>174</ymax>
		</bndbox>
	</object>
</annotation>
