<annotation>
	<folder>images</folder>
	<filename>N166.jpeg</filename>
	<path>/Users/asik/Desktop/ANPR/N166.jpeg</path>
	<source>
		<database>Unknown</database>
	</source>
	<size>
		<width>1266</width>
		<height>453</height>
		<depth>3</depth>
	</size>
	<segmented>0</segmented>
	<object>
		<name>number_plate</name>
		<pose>Unspecified</pose>
		<truncated>0</truncated>
		<difficult>0</difficult>
		<bndbox>
			<xmin>809</xmin>
			<ymin>246</ymin>
			<xmax>1034</xmax>
			<ymax>295</ymax>
		</bndbox>
	</object>
</annotation>
