<annotation>
	<folder>images</folder>
	<filename>N169.jpeg</filename>
	<path>/Users/asik/Desktop/ANPR/N169.jpeg</path>
	<source>
		<database>Unknown</database>
	</source>
	<size>
		<width>600</width>
		<height>361</height>
		<depth>3</depth>
	</size>
	<segmented>0</segmented>
	<object>
		<name>number_plate</name>
		<pose>Unspecified</pose>
		<truncated>0</truncated>
		<difficult>0</difficult>
		<bndbox>
			<xmin>167</xmin>
			<ymin>208</ymin>
			<xmax>413</xmax>
			<ymax>263</ymax>
		</bndbox>
	</object>
</annotation>
