<annotation>
	<folder>images</folder>
	<filename>N174.jpeg</filename>
	<path>/Users/asik/Desktop/ANPR/N174.jpeg</path>
	<source>
		<database>Unknown</database>
	</source>
	<size>
		<width>959</width>
		<height>959</height>
		<depth>3</depth>
	</size>
	<segmented>0</segmented>
	<object>
		<name>number_plate</name>
		<pose>Unspecified</pose>
		<truncated>0</truncated>
		<difficult>0</difficult>
		<bndbox>
			<xmin>315</xmin>
			<ymin>442</ymin>
			<xmax>665</xmax>
			<ymax>531</ymax>
		</bndbox>
	</object>
</annotation>
