<annotation>
	<folder>images</folder>
	<filename>N177.jpeg</filename>
	<path>/Users/asik/Desktop/ANPR/N177.jpeg</path>
	<source>
		<database>Unknown</database>
	</source>
	<size>
		<width>850</width>
		<height>681</height>
		<depth>3</depth>
	</size>
	<segmented>0</segmented>
	<object>
		<name>number_plate</name>
		<pose>Unspecified</pose>
		<truncated>0</truncated>
		<difficult>0</difficult>
		<bndbox>
			<xmin>331</xmin>
			<ymin>263</ymin>
			<xmax>538</xmax>
			<ymax>317</ymax>
		</bndbox>
	</object>
</annotation>
