<annotation>
	<folder>images</folder>
	<filename>N178.jpeg</filename>
	<path>/Users/asik/Desktop/ANPR/N178.jpeg</path>
	<source>
		<database>Unknown</database>
	</source>
	<size>
		<width>500</width>
		<height>415</height>
		<depth>3</depth>
	</size>
	<segmented>0</segmented>
	<object>
		<name>number_plate</name>
		<pose>Unspecified</pose>
		<truncated>0</truncated>
		<difficult>0</difficult>
		<bndbox>
			<xmin>210</xmin>
			<ymin>289</ymin>
			<xmax>335</xmax>
			<ymax>351</ymax>
		</bndbox>
	</object>
</annotation>
