<annotation>
	<folder>images</folder>
	<filename>N183.jpeg</filename>
	<path>/Users/asik/Desktop/ANPR/N183.jpeg</path>
	<source>
		<database>Unknown</database>
	</source>
	<size>
		<width>400</width>
		<height>278</height>
		<depth>3</depth>
	</size>
	<segmented>0</segmented>
	<object>
		<name>number_plate</name>
		<pose>Unspecified</pose>
		<truncated>0</truncated>
		<difficult>0</difficult>
		<bndbox>
			<xmin>216</xmin>
			<ymin>155</ymin>
			<xmax>343</xmax>
			<ymax>190</ymax>
		</bndbox>
	</object>
</annotation>
