<annotation>
	<folder>images</folder>
	<filename>N184.jpeg</filename>
	<path>/Users/asik/Desktop/ANPR/N184.jpeg</path>
	<source>
		<database>Unknown</database>
	</source>
	<size>
		<width>1512</width>
		<height>825</height>
		<depth>3</depth>
	</size>
	<segmented>0</segmented>
	<object>
		<name>number_plate</name>
		<pose>Unspecified</pose>
		<truncated>0</truncated>
		<difficult>0</difficult>
		<bndbox>
			<xmin>229</xmin>
			<ymin>204</ymin>
			<xmax>1391</xmax>
			<ymax>660</ymax>
		</bndbox>
	</object>
</annotation>
