<annotation>
	<folder>images</folder>
	<filename>N185.jpeg</filename>
	<path>/Users/asik/Desktop/ANPR/N185.jpeg</path>
	<source>
		<database>Unknown</database>
	</source>
	<size>
		<width>768</width>
		<height>1024</height>
		<depth>3</depth>
	</size>
	<segmented>0</segmented>
	<object>
		<name>number_plate</name>
		<pose>Unspecified</pose>
		<truncated>0</truncated>
		<difficult>0</difficult>
		<bndbox>
			<xmin>321</xmin>
			<ymin>420</ymin>
			<xmax>559</xmax>
			<ymax>484</ymax>
		</bndbox>
	</object>
</annotation>
