<annotation>
	<folder>images</folder>
	<filename>N201.jpeg</filename>
	<path>/Users/asik/Desktop/ANPR/N201.jpeg</path>
	<source>
		<database>Unknown</database>
	</source>
	<size>
		<width>700</width>
		<height>466</height>
		<depth>3</depth>
	</size>
	<segmented>0</segmented>
	<object>
		<name>number_plate</name>
		<pose>Unspecified</pose>
		<truncated>0</truncated>
		<difficult>0</difficult>
		<bndbox>
			<xmin>157</xmin>
			<ymin>193</ymin>
			<xmax>290</xmax>
			<ymax>229</ymax>
		</bndbox>
	</object>
</annotation>
