<annotation>
	<folder>images</folder>
	<filename>N206.jpeg</filename>
	<path>/Users/asik/Desktop/ANPR/N206.jpeg</path>
	<source>
		<database>Unknown</database>
	</source>
	<size>
		<width>317</width>
		<height>215</height>
		<depth>3</depth>
	</size>
	<segmented>0</segmented>
	<object>
		<name>number_plate</name>
		<pose>Unspecified</pose>
		<truncated>0</truncated>
		<difficult>0</difficult>
		<bndbox>
			<xmin>121</xmin>
			<ymin>120</ymin>
			<xmax>215</xmax>
			<ymax>147</ymax>
		</bndbox>
	</object>
</annotation>
