<annotation>
	<folder>images</folder>
	<filename>N209.jpeg</filename>
	<path>/Users/asik/Desktop/ANPR/N209.jpeg</path>
	<source>
		<database>Unknown</database>
	</source>
	<size>
		<width>500</width>
		<height>378</height>
		<depth>3</depth>
	</size>
	<segmented>0</segmented>
	<object>
		<name>number_plate</name>
		<pose>Unspecified</pose>
		<truncated>0</truncated>
		<difficult>0</difficult>
		<bndbox>
			<xmin>145</xmin>
			<ymin>200</ymin>
			<xmax>319</xmax>
			<ymax>244</ymax>
		</bndbox>
	</object>
</annotation>
