<annotation>
	<folder>images</folder>
	<filename>N216.jpeg</filename>
	<path>/Users/asik/Desktop/ANPR/N216.jpeg</path>
	<source>
		<database>Unknown</database>
	</source>
	<size>
		<width>960</width>
		<height>720</height>
		<depth>3</depth>
	</size>
	<segmented>0</segmented>
	<object>
		<name>number_plate</name>
		<pose>Unspecified</pose>
		<truncated>0</truncated>
		<difficult>0</difficult>
		<bndbox>
			<xmin>322</xmin>
			<ymin>300</ymin>
			<xmax>682</xmax>
			<ymax>371</ymax>
		</bndbox>
	</object>
</annotation>
