<annotation>
	<folder>images</folder>
	<filename>N220.jpeg</filename>
	<path>/Users/asik/Desktop/ANPR/N220.jpeg</path>
	<source>
		<database>Unknown</database>
	</source>
	<size>
		<width>500</width>
		<height>366</height>
		<depth>3</depth>
	</size>
	<segmented>0</segmented>
	<object>
		<name>number_plate</name>
		<pose>Unspecified</pose>
		<truncated>0</truncated>
		<difficult>0</difficult>
		<bndbox>
			<xmin>182</xmin>
			<ymin>238</ymin>
			<xmax>349</xmax>
			<ymax>273</ymax>
		</bndbox>
	</object>
</annotation>
