<annotation>
	<folder>images</folder>
	<filename>N222.jpeg</filename>
	<path>/Users/asik/Desktop/ANPR/N222.jpeg</path>
	<source>
		<database>Unknown</database>
	</source>
	<size>
		<width>304</width>
		<height>248</height>
		<depth>3</depth>
	</size>
	<segmented>0</segmented>
	<object>
		<name>number_plate</name>
		<pose>Unspecified</pose>
		<truncated>0</truncated>
		<difficult>0</difficult>
		<bndbox>
			<xmin>127</xmin>
			<ymin>122</ymin>
			<xmax>183</xmax>
			<ymax>156</ymax>
		</bndbox>
	</object>
</annotation>
