<annotation>
	<folder>images</folder>
	<filename>N231.jpeg</filename>
	<path>/Users/asik/Desktop/ANPR/N231.jpeg</path>
	<source>
		<database>Unknown</database>
	</source>
	<size>
		<width>806</width>
		<height>466</height>
		<depth>3</depth>
	</size>
	<segmented>0</segmented>
	<object>
		<name>number_plate</name>
		<pose>Unspecified</pose>
		<truncated>0</truncated>
		<difficult>0</difficult>
		<bndbox>
			<xmin>581</xmin>
			<ymin>273</ymin>
			<xmax>700</xmax>
			<ymax>319</ymax>
		</bndbox>
	</object>
</annotation>
