<annotation>
	<folder>images</folder>
	<filename>N239.jpeg</filename>
	<path>/Users/asik/Desktop/ANPR/N239.jpeg</path>
	<source>
		<database>Unknown</database>
	</source>
	<size>
		<width>400</width>
		<height>374</height>
		<depth>3</depth>
	</size>
	<segmented>0</segmented>
	<object>
		<name>number_plate</name>
		<pose>Unspecified</pose>
		<truncated>0</truncated>
		<difficult>0</difficult>
		<bndbox>
			<xmin>106</xmin>
			<ymin>238</ymin>
			<xmax>263</xmax>
			<ymax>276</ymax>
		</bndbox>
	</object>
</annotation>
