<annotation>
	<folder>images</folder>
	<filename>N244.jpeg</filename>
	<path>/Users/asik/Desktop/ANPR/N244.jpeg</path>
	<source>
		<database>Unknown</database>
	</source>
	<size>
		<width>480</width>
		<height>480</height>
		<depth>3</depth>
	</size>
	<segmented>0</segmented>
	<object>
		<name>number_plate</name>
		<pose>Unspecified</pose>
		<truncated>0</truncated>
		<difficult>0</difficult>
		<bndbox>
			<xmin>335</xmin>
			<ymin>313</ymin>
			<xmax>452</xmax>
			<ymax>343</ymax>
		</bndbox>
	</object>
</annotation>
