<annotation>
	<folder>images</folder>
	<filename>N246.jpeg</filename>
	<path>/Users/asik/Desktop/ANPR/N246.jpeg</path>
	<source>
		<database>Unknown</database>
	</source>
	<size>
		<width>500</width>
		<height>409</height>
		<depth>3</depth>
	</size>
	<segmented>0</segmented>
	<object>
		<name>number_plate</name>
		<pose>Unspecified</pose>
		<truncated>0</truncated>
		<difficult>0</difficult>
		<bndbox>
			<xmin>23</xmin>
			<ymin>261</ymin>
			<xmax>160</xmax>
			<ymax>321</ymax>
		</bndbox>
	</object>
</annotation>
