<annotation>
	<folder>images</folder>
	<filename>N38.jpeg</filename>
	<path>/Users/asik/Desktop/ANPR/N38.jpeg</path>
	<source>
		<database>Unknown</database>
	</source>
	<size>
		<width>1024</width>
		<height>768</height>
		<depth>3</depth>
	</size>
	<segmented>0</segmented>
	<object>
		<name>number_plate</name>
		<pose>Unspecified</pose>
		<truncated>0</truncated>
		<difficult>0</difficult>
		<bndbox>
			<xmin>397</xmin>
			<ymin>590</ymin>
			<xmax>645</xmax>
			<ymax>641</ymax>
		</bndbox>
	</object>
</annotation>
