<annotation>
	<folder>images</folder>
	<filename>N46.jpeg</filename>
	<path>/Users/asik/Desktop/ANPR/N46.jpeg</path>
	<source>
		<database>Unknown</database>
	</source>
	<size>
		<width>927</width>
		<height>309</height>
		<depth>3</depth>
	</size>
	<segmented>0</segmented>
	<object>
		<name>number_plate</name>
		<pose>Unspecified</pose>
		<truncated>0</truncated>
		<difficult>0</difficult>
		<bndbox>
			<xmin>454</xmin>
			<ymin>109</ymin>
			<xmax>797</xmax>
			<ymax>234</ymax>
		</bndbox>
	</object>
</annotation>
