<annotation>
	<folder>images</folder>
	<filename>N78.jpeg</filename>
	<path>/Users/asik/Desktop/ANPR/N78.jpeg</path>
	<source>
		<database>Unknown</database>
	</source>
	<size>
		<width>397</width>
		<height>247</height>
		<depth>3</depth>
	</size>
	<segmented>0</segmented>
	<object>
		<name>number_plate</name>
		<pose>Unspecified</pose>
		<truncated>0</truncated>
		<difficult>0</difficult>
		<bndbox>
			<xmin>146</xmin>
			<ymin>160</ymin>
			<xmax>302</xmax>
			<ymax>196</ymax>
		</bndbox>
	</object>
</annotation>
