<annotation>
	<folder>images</folder>
	<filename>N97.jpeg</filename>
	<path>/Users/asik/Desktop/ANPR/N97.jpeg</path>
	<source>
		<database>Unknown</database>
	</source>
	<size>
		<width>446</width>
		<height>282</height>
		<depth>3</depth>
	</size>
	<segmented>0</segmented>
	<object>
		<name>number_plate</name>
		<pose>Unspecified</pose>
		<truncated>0</truncated>
		<difficult>0</difficult>
		<bndbox>
			<xmin>175</xmin>
			<ymin>228</ymin>
			<xmax>290</xmax>
			<ymax>255</ymax>
		</bndbox>
	</object>
</annotation>
